{
  "names": [
    "AAV2 VP3",
    "CPV VP2",
    "PCV2 Capsid",
    "MSV Coat",
    "phiX174 F",
    "Poliovirus VP1",
    "HRV14 VP1",
    "FHV Capsid",
    "TBSV Coat",
    "CCMV Coat",
    "IBDV VP2",
    "PRD1 P3",
    "HAdV-5 Hexon",
    "PBCV-1 Vp54",
    "STIV B345",
    "TMV 30K"
  ],
  "linkage": [
    [
      5.0,
      6.0,
      0.0776689287622071,
      2.0
    ],
    [
      0.0,
      1.0,
      0.13387485641382435,
      2.0
    ],
    [
      11.0,
      14.0,
      0.2529395310894287,
      2.0
    ],
    [
      7.0,
      8.0,
      0.30469954313667114,
      2.0
    ],
    [
      13.0,
      18.0,
      0.31670703471932243,
      3.0
    ],
    [
      9.0,
      16.0,
      0.3193332961586584,
      3.0
    ],
    [
      2.0,
      17.0,
      0.3289972053586978,
      3.0
    ],
    [
      12.0,
      20.0,
      0.33267907465295665,
      4.0
    ],
    [
      4.0,
      22.0,
      0.3529709654225379,
      4.0
    ],
    [
      3.0,
      24.0,
      0.35360890388874794,
      5.0
    ],
    [
      19.0,
      21.0,
      0.36688159907338547,
      5.0
    ],
    [
      10.0,
      26.0,
      0.4423523386989984,
      6.0
    ],
    [
      25.0,
      27.0,
      0.45040214251603844,
      11.0
    ],
    [
      15.0,
      28.0,
      0.6706750456972598,
      12.0
    ],
    [
      23.0,
      29.0,
      0.7031882027741522,
      16.0
    ]
  ],
  "clusters_tight": [
    4,
    4,
    5,
    7,
    6,
    10,
    10,
    8,
    9,
    11,
    12,
    1,
    3,
    2,
    1,
    13
  ],
  "clusters_loose": [
    2,
    2,
    2,
    2,
    2,
    2,
    2,
    2,
    2,
    2,
    2,
    1,
    1,
    1,
    1,
    3
  ],
  "method": "average"
}